{
    "entity": [
        {
            "name": "player",
            "scene_name": "scene1",
            "map_name": "testa",
            "position": [
                1074.5138916492613,
                591.0496605835282
            ],
            "hitbox": [
                1065,
                582,
                21,
                18
            ],
            "hurtbox": [
                0,
                0,
                21,
                18
            ],
            "velocity": [
                -0.18788512110330507,
                0.045558243189007065
            ],
            "mass": 1.0,
            "force": 1.0,
            "friction": 0.2,
            "animation": "left",
            "animation_frame": -1,
            "animation_timer": -307
        }
    ]
}