{
    "entity": [
        {
            "name": "player",
            "scene_name": "scene1",
            "map_name": "testb",
            "position": [
                794.6249077501272,
                684.8758118160932
            ],
            "hitbox": [
                785,
                676,
                21,
                18
            ],
            "hurtbox": [
                0,
                0,
                21,
                18
            ],
            "velocity": [
                0.4651329503858606,
                4.984803091592834e-05
            ],
            "mass": 1.0,
            "force": 1.0,
            "friction": 0.2,
            "animation": "right",
            "animation_frame": -1,
            "animation_timer": -781
        }
    ]
}