{
    "entity": [
        {
            "name": "player",
            "scene_name": "scene1",
            "map_name": "testa",
            "position": [
                767.4051081679094,
                214.28998749507724
            ],
            "hitbox": [
                757,
                205,
                21,
                18
            ],
            "hurtbox": [
                0,
                0,
                21,
                18
            ],
            "velocity": [
                8.893375303827059e-05,
                1.1011352187066468e-07
            ],
            "mass": 1.0,
            "force": 1.0,
            "friction": 0.2,
            "animation": "right",
            "animation_frame": -1,
            "animation_timer": -1272
        }
    ]
}