{
    "entity": [
        {
            "name": "player",
            "scene_name": "scene1",
            "map_name": "testa",
            "position": [
                1242.2343722451485,
                746.3259838358281
            ],
            "hitbox": [
                1232,
                737,
                21,
                18
            ],
            "hurtbox": [
                0,
                0,
                21,
                18
            ],
            "velocity": [
                4.204820718137287e-09,
                0.0
            ],
            "mass": 1.0,
            "force": 1.0,
            "friction": 0.2,
            "animation": "up",
            "animation_frame": -1,
            "animation_timer": -1475
        }
    ]
}