{
    "entity": [
        {
            "name": "player",
            "scene_name": "scene1",
            "map_name": "testb",
            "position": [
                800.0864713599336,
                682.1602584677097
            ],
            "hitbox": [
                790,
                673,
                21,
                18
            ],
            "hurtbox": [
                0,
                0,
                21,
                18
            ],
            "velocity": [
                1.3680235063568634e-05,
                -6.581898280605027e-05
            ],
            "mass": 1.0,
            "force": 1.0,
            "friction": 0.2,
            "animation": "up",
            "animation_frame": -1,
            "animation_timer": -902
        }
    ]
}